{
  "__type__": "cc.SpriteFrame",
  "content": {
    "name": "char",
    "atlas": "",
    "rect": {
      "x": 8,
      "y": 12,
      "width": 284,
      "height": 374
    },
    "offset": {
      "x": 0,
      "y": -1.5
    },
    "originalSize": {
      "width": 300,
      "height": 395
    },
    "rotated": false,
    "capInsets": [
      0,
      0,
      0,
      0
    ],
    "vertices": {
      "rawPosition": [
        -142,
        -187,
        0,
        142,
        -187,
        0,
        -142,
        187,
        0,
        142,
        187,
        0
      ],
      "indexes": [
        0,
        1,
        2,
        2,
        1,
        3
      ],
      "uv": [
        8,
        383,
        292,
        383,
        8,
        9,
        292,
        9
      ],
      "nuv": [
        0.02666666666666667,
        0.02278481012658228,
        0.9733333333333334,
        0.02278481012658228,
        0.02666666666666667,
        0.9696202531645569,
        0.9733333333333334,
        0.9696202531645569
      ],
      "minPos": {
        "x": -142,
        "y": -187,
        "z": 0
      },
      "maxPos": {
        "x": 142,
        "y": 187,
        "z": 0
      }
    },
    "texture": "d0c77862-3b77-458b-8d27-b90636f6cf25@6c48a",
    "packable": true,
    "pixelsToUnit": 100,
    "pivot": {
      "x": 0.5,
      "y": 0.5
    },
    "meshType": 0
  }
}